<?xml version="1.0" encoding="utf-8"?>
<ArrayOfGuidesProject xmlns:xsi="http://www.w3.org/2001/XMLSchema-instance" xmlns:xsd="http://www.w3.org/2001/XMLSchema">
  <GuidesProject>
    <Project>yyl</Project>
    <GuidesList />
  </GuidesProject>
  <GuidesProject>
    <Project>wangqi</Project>
    <GuidesList />
  </GuidesProject>
  <GuidesProject>
    <Project>wangqiitem</Project>
    <GuidesList />
  </GuidesProject>
  <GuidesProject>
    <Project>yxsm</Project>
    <GuidesList />
  </GuidesProject>
  <GuidesProject>
    <Project>mrfl</Project>
    <GuidesList />
  </GuidesProject>
  <GuidesProject>
    <Project>mrflitem</Project>
    <GuidesList />
  </GuidesProject>
  <GuidesProject>
    <Project>activityhint</Project>
    <GuidesList />
  </GuidesProject>
  <GuidesProject>
    <Project>touzhujilu</Project>
    <GuidesList />
  </GuidesProject>
  <GuidesProject>
    <Project>touzhujiluitem</Project>
    <GuidesList />
  </GuidesProject>
  <GuidesProject>
    <Project>touzhuneirong</Project>
    <GuidesList />
  </GuidesProject>
</ArrayOfGuidesProject>